ST. MARY'S MEDICAL CENTER SAN FRANCISCO,37.7741,-122.454,450 STANYAN STREET,SAN FRANCISCO,CA,NOT AVAILABLE,SAN FRANCISCO,http://www.stmarysmedicalcenter.org
KAISER FND HOSP - SAN FRANCISCO,37.7823,-122.443,2425 GEARY BOULEVARD,SAN FRANCISCO,CA,NOT AVAILABLE,SAN FRANCISCO,http://www.kaiserpermanente.org
LAGUNA HONDA HOSPITAL AND REHABILITATION CENTER,37.7744,-122.426,375 LAGUNA HONDA BOULEVARD,SAN FRANCISCO,CA,NOT AVAILABLE,SAN FRANCISCO,http://lagunahonda.org/
CALIFORNIA PACIFIC MED CTR-DAVIES CAMPUS,37.7687,-122.435,601 DUBOCE AVENUE,SAN FRANCISCO,CA,(415) 600-6000,SAN FRANCISCO,http://www.cpmc.org
CALIFORNIA PACIFIC MED CTR-PACIFIC CAMPUS,37.7907,-122.431,2333 BUCHANAN STREET,SAN FRANCISCO,CA,NOT AVAILABLE,SAN FRANCISCO,http://www.cpmc.org
SAN FRANCISCO GENERAL HOSPITAL,37.7566,-122.406,1001 POTRERO AVENUE,SAN FRANCISCO,CA,NOT AVAILABLE,SAN FRANCISCO,http://www.dph.sf.ca.us/chn/sfgh
UCSF MEDICAL CENTER,37.7631,-122.458,505 PARNASSUS AVENUE,SAN FRANCISCO,CA,NOT AVAILABLE,SAN FRANCISCO,https://www.ucsfhealth.org/
UCSF MEDICAL CENTER AT MOUNT ZION,37.7849,-122.439,1600 DIVISADERO STREET,SAN FRANCISCO,CA,NOT AVAILABLE,SAN FRANCISCO,http://www.ucsfhealth.org
CALIFORNIA PACIFIC MED CTR-CALIFORNIA EAST,37.7867,-122.455,3698 CALIFORNIA STREET,SAN FRANCISCO,CA,NOT AVAILABLE,SAN FRANCISCO,http://www.cpmc.org
CHINESE HOSPITAL,37.7955,-122.409,845 JACKSON STREET,SAN FRANCISCO,CA,NOT AVAILABLE,SAN FRANCISCO,http://www.chinesehospital-sf.org
ST. FRANCIS MEMORIAL HOSPITAL,37.7493,-122.457,900 HYDE STREET,SAN FRANCISCO,CA,NOT AVAILABLE,SAN FRANCISCO,http://www.fcswp.org
CALIFORNIA PACIFIC MED CTR-CALIFORNIA WEST,37.7865,-122.456,3700 CALIFORNIA STREET,SAN FRANCISCO,CA,NOT AVAILABLE,SAN FRANCISCO,http://www.cpmc.org
LANGLEY PORTER PSYCHIATRIC INSTITUTE,37.7635,-122.457,401 PARNASSUS AVENUE,SAN FRANCISCO,CA,NOT AVAILABLE,SAN FRANCISCO,http://psych.ucsf.edu/lpphc.aspx
SAN FRANCISCO VA HEALTH CARE SYSTEM,37.7823,-122.505,4150 CLEMENT ST,SAN FRANCISCO,CA,NOT AVAILABLE,SAN FRANCISCO,http://www.sanfrancisco.va.gov/
CALIFORNIA PACIFIC MEDICAL CENTER - ST. LUKE'S CAMPUS,37.7477,-122.421,3555 CESAR CHAVEZ STREET,SAN FRANCISCO,CA,NOT AVAILABLE,SAN FRANCISCO,http://www.cpmc.org
JEWISH HOME,37.7278,-122.431,302 SILVER AVENUE,SAN FRANCISCO,CA,NOT AVAILABLE,SAN FRANCISCO,http://www.jhsf.org